"st_dis_recip","first_name","last_name","party","grants","amount_awarded","total_outlays","not_disbursed"
"NC04","Valerie","Foushee","D",5,139103648,3044881.54,136058766.46
"AK00","Nicholas","Begich","R",11,132159907,270364.58,131889542.42
"DC00","Eleanor","Norton","D",9,76547934,284419.93,76263514.07
"MN05","Ilhan","Omar","D",5,78500000,4419296.44,74080703.56
"WA07","Pramila","Jayapal","D",4,72137855,1688878.7,70448976.3
"VT00","Becca","Balint","D",5,69876765,2385496.61,67491268.39
"MA08","Stephen","Lynch","D",5,6.5e+07,1630941.31,63369058.69
"TX18",,"Office of the 18th Congressional District of Texas",,4,63515485,459174.63,63056310.37
"CA26","Julia","Brownley","D",3,6.3e+07,1053379.72,61946620.28
"NY15","Ritchie","Torres","D",6,62197647,1045775.49,61151871.51
"MD07","Kweisi","Mfume","D",5,61524000,1237605.74,60286394.26
"MA07","Ayanna","Pressley","D",4,60650000,1367184.75,59282815.25
"LA02","Troy","Carter","D",9,54519450,4268332.48,50251117.52
"CA11","Nancy","Pelosi","D",7,45425535,323540.49,45101994.51
"PR00","Pablo","Hernández","D",6,42143098,86541.7,42056556.3
"VA05","John","McGuire","R",4,40497117,0,40497117
"NC06","Addison","McDowell","R",2,38490207,3957.75,38486249.25
"OR02","Cliff","Bentz","R",3,36682875,145850.52,36537024.48
"AZ07",,"Office of the 7th Congressional District of Arizona",,5,28946974,231219.86,28715754.14
"MT01","Ryan","Zinke","R",4,28904330,685150.3,28219179.7
"PA12","Summer","Lee","D",5,28844246,2254211,26590035
"NM03","Teresa","Leger Fernandez","D",6,25521423,113797.35,25407625.65
"CA12","Lateefah","Simon","D",5,25670868,466957.3,25203910.7
"WI02","Mark","Pocan","D",3,24518757,1210706.01,23308050.99
"MI01","Jack","Bergman","R",2,2.3e+07,2180,22997820
"WI04","Gwen","Moore","D",3,23151272,372908.57,22778363.43
"CO01","Diana","DeGette","D",5,22652601,28478,22624123
"CA21","Jim","Costa","D",4,24558750,2057605.1,22501144.9
"CA37","Sydney","Kamlager-Dove","D",3,21700000,113158.13,21586841.87
"CA28","Judy","Chu","D",3,21952614,477871.95,21474742.05
"CT03","Rosa","DeLauro","D",4,21574965,187114.61,21387850.39
"MN08","Pete","Stauber","R",3,21499268,119083.59,21380184.41
"WA05","Michael","Baumgartner","R",3,21270824,77818.68,21193005.32
"MI06","Debbie","Dingell","D",2,2.1e+07,0,2.1e+07
"TX09","Al","Green","D",2,20999958,15810.42,20984147.58
"CA07","Doris","Matsui","D",4,21541179,626911.4,20914267.6
"NY20","Paul","Tonko","D",2,2.1e+07,130687,20869313
"PA02","Brendan","Boyle","D",3,20697733,21840,20675893
"NJ08","Robert","Menendez","D",3,20646494,37224.36,20609269.64
"OR04","Val","Hoyle","D",2,20553008,35549.93,20517458.07
"NV02","Mark","Amodei","R",2,20487957,10599.08,20477357.92
"WA04","Dan","Newhouse","R",3,20626567,150933.59,20475633.41
"MS03","Michael","Guest","R",3,20464515,101349.88,20363165.12
"VI00","Stacey","Plaskett","D",2,20200000,0,20200000
"NY26","Timothy","Kennedy","D",1,20152214,0,20152214
"CA20","Vince","Fong","R",1,20040630,0,20040630
"VA03","Robert","Scott","D",1,20006400,0,20006400
"IN08","Mark","Messmer","R",1,2e+07,0,2e+07
"CA24","Salud","Carbajal","D",1,19993324,0,19993324
"OR05","Janelle","Bynum","D",1,20030841,37871.32,19992969.68
"MA01","Richard","Neal","D",1,19989241,895.17,19988345.83
"CA50","Scott","Peters","D",1,19999999,32267.31,19967731.69
"GA07","Richard","McCormick","R",1,19953400,16105.61,19937294.39
"LA05","Julia","Letlow","R",1,2e+07,154440.97,19845559.03
"GA02","Sanford","Bishop","D",1,19805900,0,19805900
"RI01","Gabe","Amo","D",2,19710533,23195.7,19687337.3
"SD00","Dusty","Johnson","R",1,19949725,470023,19479702
"FL19","Byron","Donalds","R",1,19357757,50522.14,19307234.86
"CA08","John","Garamendi","D",2,19231825,30666.94,19201158.06
"MI04","Bill","Huizenga","R",1,18898518,40103,18858415
"TX17","Pete","Sessions","R",1,18780805,25845.88,18754959.12
"CA41","Ken","Calvert","R",1,18590988,0,18590988
"OH11","Shontel","Brown","D",2,18810277,314016.27,18496260.73
"ID02","Michael","Simpson","R",2,16807156,45300.91,16761855.09
"MI12","Rashida","Tlaib","D",1,20358302,4884632.62,15473669.38
"HI01","Ed","Case","D",3,15439738,187296.03,15252441.97
"FL15","Laurel","Lee","R",1,14944031,0,14944031
"TX10","Michael","McCaul","R",1,14443306,6177.29,14437128.71
"CA52","Juan","Vargas","D",3,13650680,230418.1,13420261.9
"SC06","James","Clyburn","D",4,13096020,165005.85,12931014.15
"NY05","Gregory","Meeks","D",1,11158108,32000,11126108
"TX15","Monica","De La Cruz","R",1,12704048,1608223.66,11095824.34
"NY13","Adriano","Espaillat","D",2,1.1e+07,0,1.1e+07
"OR01","Suzanne","Bonamici","D",3,10499587,232563.87,10267023.13
"CA51","Sara","Jacobs","D",2,9100000,225626.86,8874373.14
"IL07","Danny","Davis","D",3,8572487,3800.32,8568686.68
"VA11","Gerald","Connolly","D",2,8500000,53117.29,8446882.71
"KS04","Ron","Estes","R",1,8e+06,0,8e+06
"NM02","Gabe","Vasquez","D",1,8e+06,0,8e+06
"CT02","Joe","Courtney","D",1,6e+06,175761.13,5824238.87
"NY07","Nydia","Velázquez","D",2,4115632,32659.97,4082972.03
"FL22","Lois","Frankel","D",2,4e+06,30318.26,3969681.74
"NY10","Daniel","Goldman","D",3,3650000,45985.34,3604014.66
"NY16","George","Latimer","D",2,3216564,0,3216564
"GU00","James","Moylan","R",1,3e+06,0,3e+06
"AL03","Mike","Rogers","R",1,2596592,0,2596592
"NJ10","LaMonica","McIver","D",3,2500000,20178.32,2479821.68
"TN05","Andrew","Ogles","R",2,2375142,135091.8,2240050.2
"AZ02","Elijah","Crane","R",4,2750000,511975.03,2238024.97
"LA06","Cleo","Fields","D",2,2e+06,0,2e+06
"WA10","Marilyn","Strickland","D",2,1999815,88690.75,1911124.25
"MO05","Emanuel","Cleaver","D",3,1700000,0,1700000
"CA05","Tom","McClintock","R",2,1582055,21410.94,1560644.06
"NY25","Joseph","Morelle","D",2,1500000,5000,1495000
"GA01","Earl","Carter","R",2,1500000,10075.66,1489924.34
"ME01","Chellie","Pingree","D",3,1886014,401433.99,1484580.01
"VA08","Donald","Beyer","D",2,1480350,23882.04,1456467.96
"IA03","Zachary","Nunn","R",2,1500000,66873.16,1433126.84
"RI02","Seth","Magaziner","D",3,1944618,555079.89,1389538.11
"KY03","Morgan","McGarvey","D",2,1500000,191481.83,1308518.17
"CT01","John","Larson","D",2,1200000,0,1200000
"MN04","Betty","McCollum","D",2,1200000,0,1200000
"AL02","Shomari","Figures","D",2,1200000,41392.98,1158607.02
"TX30","Jasmine","Crockett","D",2,1151210,0,1151210
"ME02","Jared","Golden","D",3,1180000,61148.87,1118851.13
"OK04","Tom","Cole","R",2,1099296,0,1099296
"CT04","James","Himes","D",1,1050000,0,1050000
"WA06","Emily","Randall","D",1,1050000,0,1050000
"WV01","Carol","Miller","R",2,1040000,19027.97,1020972.03
"CA18","Zoe","Lofgren","D",1,1e+06,0,1e+06
"CT05","Jahana","Hayes","D",1,1e+06,0,1e+06
"KS02","Derek","Schmidt","R",1,1e+06,0,1e+06
"MI08","Kristen","McDonald Rivet","D",1,1e+06,0,1e+06
"MN01","Brad","Finstad","R",1,1e+06,0,1e+06
"NJ12","Bonnie","Watson Coleman","D",1,1e+06,0,1e+06
"OH07","Max","Miller","R",1,1e+06,0,1e+06
"TN09","Steve","Cohen","D",1,1e+06,0,1e+06
"MT02","Troy","Downing","R",1,999935,0,999935
"ND00","Julie","Fedorchak","R",1,1e+06,8169,991831
"PA03","Dwight","Evans","D",1,1e+06,9195.4,990804.6
"NY23","Nicholas","Langworthy","R",1,982633,0,982633
"MD06","April","McClain Delaney","D",1,997266,19869.21,977396.79
"UT03","Mike","Kennedy","R",1,1e+06,23106.2,976893.8
"NC13","Brad","Knott","R",1,1e+06,28967.15,971032.85
"IN03","Marlin","Stutzman","R",1,1e+06,47000,953000
"WA02","Rick","Larsen","D",1,977919,58402.78,919516.22
"UT02","Celeste","Maloy","R",1,1e+06,127224,872776
"WA09","Adam","Smith","D",1,1e+06,218004.93,781995.07
"WA08","Kim","Schrier","D",1,997374,216030.67,781343.33
"CA02","Jared","Huffman","D",2,699958,0,699958
"CA49","Mike","Levin","D",2,7e+05,18299.39,681700.61
"CO03","Jeff","Hurd","R",2,650000,59878.04,590121.96
"NY14","Alexandria","Ocasio-Cortez","D",2,575000,0,575000
"AL07","Terri","Sewell","D",2,575000,66873.59,508126.41
"CA16","Sam","Liccardo","D",1,5e+05,0,5e+05
"CA34","Jimmy","Gomez","D",1,5e+05,0,5e+05
"CA46","J.","Correa","D",1,5e+05,0,5e+05
"CO07","Brittany","Pettersen","D",1,5e+05,0,5e+05
"OH09","Marcy","Kaptur","D",1,5e+05,0,5e+05
"PA10","Scott","Perry","R",1,1e+06,5e+05,5e+05
"TX38","Wesley","Hunt","R",1,5e+05,0,5e+05
"OK05","Stephanie","Bice","R",1,499996,0,499996
"CA48","Darrell","Issa","R",1,499735,0,499735
"NM01","Melanie","Stansbury","D",1,5e+05,1960.75,498039.25
"PA09","Daniel","Meuser","R",1,5e+05,9074,490926
"OH01","Greg","Landsman","D",1,497184,9419.92,487764.08
"IL17","Eric","Sorensen","D",1,498008,12840.06,485167.94
"DE00","Sarah","McBride","D",1,490912,9623.5,481288.5
"IL13","Nikki","Budzinski","D",2,549634,73888.6,475745.4
"MI13","Shri","Thanedar","D",1,474253,0,474253
"MI07","Tom","Barrett","R",1,499998,31702.14,468295.86
"NC05","Virginia","Foxx","R",1,5e+05,36602.71,463397.29
"MS04","Mike","Ezell","R",2,575000,122518,452482
"IL01","Jonathan","Jackson","D",1,5e+05,48041.99,451958.01
"TX07","Lizzie","Fletcher","D",1,5e+05,48462.64,451537.36
"MA03","Lori","Trahan","D",1,5e+05,67411.33,432588.67
"IN02","Rudy","Yakym","R",1,495146,68154.66,426991.34
"MO04","Mark","Alford","R",1,499342,74227.72,425114.28
"PA05","Mary Gay","Scanlon","D",1,5e+05,82915.05,417084.95
"VA10","Suhas","Subramanyam","D",1,5e+05,83256.1,416743.9
"MA05","Katherine","Clark","D",1,5e+05,84323.07,415676.93
"MA02","James","McGovern","D",1,5e+05,95937.86,404062.14
"HI02","Jill","Tokuda","D",1,5e+05,100293.32,399706.68
"CO02","Joe","Neguse","D",1,5e+05,105493,394507
"MO07","Eric","Burlison","R",1,5e+05,106234.91,393765.09
"IL02","Robin","Kelly","D",1,472919,1e+05,372919
"ID01","Russ","Fulcher","R",1,450000,97746.68,352253.32
"NY17","Michael","Lawler","R",1,425616,76210.13,349405.87
"MD05","Steny","Hoyer","D",1,5e+05,186666,313334
"OH03","Joyce","Beatty","D",1,5e+05,194846.47,305153.53
"MD02","Johnny","Olszewski","D",1,370775,72851.8,297923.2
"NC12","Alma","Adams","D",1,5e+05,232410.37,267589.63
"CA38","Linda","Sánchez","D",1,2e+05,0,2e+05
"FL02","Neal","Dunn","R",2,2e+05,0,2e+05
"GA05","Nikema","Williams","D",1,2e+05,0,2e+05
"TN02","Tim","Burchett","R",1,2e+05,0,2e+05
"VA04","Jennifer","McClellan","D",1,2e+05,0,2e+05
"IN07","André","Carson","D",1,199983,0,199983
"CA36","Ted","Lieu","D",1,5e+05,325653.67,174346.33
"LA04","Mike","Johnson","R",1,150000,15000,135000
"FL27","Maria","Salazar","R",1,150000,23304.26,126695.74
"MA09","William","Keating","D",1,1e+05,0,1e+05
"MS02","Bennie","Thompson","D",2,1e+05,0,1e+05
"AL06","Gary","Palmer","R",1,75000,0,75000
"NY11","Nicole","Malliotakis","R",1,75000,0,75000
"MI02","John","Moolenaar","R",1,30455,0,30455
"TX29","Sylvia","Garcia","D",1,50000,19761.51,30238.49
"OR03","Maxine","Dexter","D",1,498000,498000,0
